Date,Asset_1,Asset_2,Asset_3,Asset_4
2020-01-01,100.29030388373424,99.78128908947207,100.22443925898786,99.62795613475191
2020-01-02,100.53168843388343,98.77617693732394,100.95406189396037,99.28903201390871
2020-01-03,99.36872099307674,98.23919612303449,100.26846816910874,98.91447755972138
2020-01-06,98.5434497829795,98.24921019117096,102.58073033761343,98.37801146567912
2020-01-07,98.82671031881837,98.15206238796983,102.78175884438632,97.28097822056513
2020-01-08,98.00167425461113,98.20381191996847,102.56135414535524,98.16103066121326
2020-01-09,97.51188378724972,98.17321649079211,104.49688396948356,97.94054814556318
2020-01-10,96.8786705874165,97.94546199500127,104.24189734435572,98.27888054618724
2020-01-13,97.0044000424847,97.48636339406241,104.31665948789825,99.9866570093743
2020-01-14,97.97256636052052,95.93719630047816,104.06694659377413,99.24135456301121
2020-01-15,98.4657554347091,96.00791899161604,105.62529944853247,100.29884317787732
2020-01-16,99.1622205662593,96.39217849921587,105.915127143696,100.82535348393944
2020-01-17,100.16972085219898,97.12061032725214,106.16157091891938,102.12060213318037
2020-01-20,100.34714597041639,97.14743211239481,105.66071672914667,101.69066690450983
2020-01-21,99.89753719860282,95.11543395340361,105.70959864213205,101.56172310491004
2020-01-22,99.76752799456321,95.79864897074641,106.20401833920474,102.04776437264856
2020-01-23,97.94957112559331,95.04670574257305,105.88394931147387,102.54536276471391
2020-01-24,99.3532367663857,96.51046276341988,105.86910142862808,101.67340425576195
2020-01-27,99.81428934304286,96.70583656047341,106.76859831296635,101.91672556215549
2020-01-28,100.01198257456656,95.7701423531595,106.8977669608923,101.48941382066934
2020-01-29,100.30876765939736,96.20174846326093,107.03523505612287,101.90046267335289
2020-01-30,100.23351593282443,97.53500892920324,108.35936389116851,101.41884681262401
2020-01-31,99.00550400607891,100.33499478213679,108.58279264983774,103.5951639945893
2020-02-03,99.74622047527203,99.50039575291827,107.0601878328705,103.47808768847612
2020-02-04,100.21587822576782,100.79586222424129,105.07010936828813,102.3432093443156
2020-02-05,99.97679689716415,103.77020763161224,101.31914300066256,102.92472599561869
2020-02-06,98.84724080861959,104.17146648111819,100.19601246168408,103.18073396611362
2020-02-07,101.96601628622592,105.98413819336345,102.24065201206942,105.32603466413819
2020-02-10,100.38758003042352,106.46043332075266,101.53648197280489,103.40780061738302
2020-02-11,100.26184873774142,105.92521520403271,102.74999768265552,103.42886947196874
2020-02-12,99.15026343710007,108.42026316305275,104.92447393158795,106.50288980068493
2020-02-13,100.32448111189656,108.60904068054116,104.46704534932307,106.15361847469585
2020-02-14,102.21078500504821,109.51678424224805,102.36924437823005,106.20593214070011
2020-02-17,99.28703837281091,108.71639346412299,99.18397511538593,102.3755073600945
2020-02-18,99.4772703309341,108.59507920078502,96.2210063210239,103.10406744152448
2020-02-19,103.8613585967628,107.17235314823792,100.22022719965733,103.31990947114097
2020-02-20,102.7830851562506,106.388576169288,97.14201159646198,104.66352337486968
2020-02-21,103.75956812308557,105.20473925466915,96.58677837661507,101.69410440916447
2020-02-24,102.98569037036869,106.76788898807797,93.76699845234604,100.42357122703416
2020-02-25,103.24170637124564,108.96325316231427,96.65158061125962,100.68473066456743
2020-02-26,101.66402749309454,109.269393706879,95.67847970043137,99.64392328551126
2020-02-27,102.53009958259803,110.93639294274055,96.45621304292726,100.17999197718892
2020-02-28,103.00651151288349,109.66388228836851,96.28648988079092,99.30625122384342
2020-03-02,104.9172602386605,110.95882836944024,97.15001471851507,99.98980809110182
2020-03-03,102.97417425730724,110.81589419032092,97.74595022687492,99.23164320804244
2020-03-04,103.54038545779535,111.6213385520972,97.05095243825289,99.98214867765783
2020-03-05,104.63942334865135,112.23916723009897,97.4291405407854,100.93709408245981
2020-03-06,103.46059669042637,111.8919373527788,97.78276131581347,99.89096808799954
2020-03-09,104.2728921258345,111.88992386115677,96.61105564544283,99.74504844131988
2020-03-10,103.54248771881056,111.89068391691809,95.67997597614506,100.1158658724228
2020-03-11,101.96324732198208,112.00713838179195,94.27651060287904,98.9278516864835
2020-03-12,104.39271171889534,113.3590037637086,94.44462557855972,97.47132409762362
2020-03-13,106.81155261744644,115.8278699622046,94.95031322776173,98.88619921017244
2020-03-16,106.0171291521493,114.72206561729932,94.01306372741546,98.58331692740582
2020-03-17,106.28822649736973,114.24382343870974,94.46329486380215,99.17880879846325
2020-03-18,106.46103451253283,115.17617315660682,94.53095304382096,99.32970013603062
2020-03-19,106.87618137476602,115.32916593888973,95.18885471394964,98.75924041651426
2020-03-20,108.06860015517712,115.16290858044094,95.33450999564232,98.09037115323677
2020-03-23,108.59451792070473,116.42805978624705,96.44384356709851,99.20801183980952
2020-03-24,107.35783318139383,115.34556750125951,95.63693716647721,98.0103840738231
2020-03-25,108.30721029301027,115.87670679405466,95.96832913943626,98.6845434434809
2020-03-26,107.56503327835134,114.88071022626838,95.02328704241229,98.50917130588553
2020-03-27,107.87739077420999,115.49290430542047,95.94543356210585,97.99013592753174
2020-03-30,107.45539514941682,115.47896200326655,94.9794839591943,97.36935509397556
2020-03-31,108.31662282675536,116.73386628078286,96.16343369784715,98.0365235253126
2020-04-01,108.17754010556384,117.60101107106652,96.08556885162291,98.37803640060764
2020-04-02,109.30142084588807,117.74468846559334,95.98697984153851,98.59733027610278
2020-04-03,109.83180787594826,118.37236157729978,96.35745153721142,99.26308523246222
2020-04-06,108.54619109157169,117.19462105017469,95.93672606954904,98.1303129016028
2020-04-07,107.48498480487432,115.82158373383649,94.81805538012219,97.35454328041085
2020-04-08,106.69115910138318,115.73766706841518,95.73686927633199,97.30037493026967
2020-04-09,107.75838831034328,116.40303022797104,95.4081953547103,97.39058830009535
2020-04-10,106.9955305475548,116.77117056475068,94.57640268969818,98.01170566334932
2020-04-13,107.49831933404872,115.32371750650961,94.90787414670572,98.96036666467471
2020-04-14,106.89177522397999,115.92527129343755,93.75098593284878,98.88024996459642
2020-04-15,105.59124000427305,115.84852242265988,92.31638717236498,96.60001395859018
2020-04-16,105.94150016783328,117.90153645375645,92.4542124863502,97.59846131038803
2020-04-17,106.06386515039861,117.70357929550114,92.84566758575625,98.76433131970619
2020-04-20,105.11155181413167,117.82636864354737,92.88701617281522,97.68762282713134
2020-04-21,106.43619648667439,120.01363933406934,93.04061841356598,99.50745833083417
2020-04-22,106.5151892105898,119.93086100750767,94.01784576967236,99.88683762709113
2020-04-23,106.8096242552899,121.36891899923083,95.22605007157999,101.0674330348611
2020-04-24,103.78686432584539,116.6042450567744,95.46274936371208,98.04455922717791
2020-04-27,104.04842036899392,114.32843138256092,94.69860829373631,95.31860223579423
2020-04-28,107.47318782362458,113.39307196212572,95.06030415632998,95.53046591296632
2020-04-29,110.06574362958463,111.28355184269034,95.10536256561693,95.26550947541827
2020-04-30,111.19483812115524,112.64679521932375,94.83146202160884,96.0410615502784
2020-05-01,110.30573458392556,113.29299557529544,94.57591127305174,94.80889780654772
2020-05-04,110.31777498032938,113.61299685667774,96.14059749867224,94.88622443058935
2020-05-05,110.60890949924071,114.9258008605082,95.14611123513859,93.86915019123414
2020-05-06,109.65429915937852,114.50864771291891,96.45375460134805,94.1528427460228
2020-05-07,110.69540537179815,114.73117424494446,95.13721829807726,92.67256182506333
2020-05-08,111.58647285230437,115.22805717818687,94.61269013250835,93.51049271822023
2020-05-11,110.3308838592221,115.72200323916834,95.39684118829541,93.06765184530772
2020-05-12,109.44528769808348,116.11200272401219,94.58420203420427,93.36237064058047
2020-05-13,108.4953237618463,116.44615955851671,94.51609891529029,92.97790848898889
2020-05-14,107.79742739923377,116.40308324752611,93.14990239176117,92.40988383825194
2020-05-15,107.50921984611833,116.87814950298052,92.40211116928889,93.35882961792291
2020-05-18,107.29035323333196,115.88119453013883,93.0403117466639,94.34279423775138
2020-05-19,107.17218839713847,115.1316564511672,92.88177295982008,93.73968952900799
2020-05-20,106.95364185110078,116.35009434657621,93.3504418683147,94.10390032201677
2020-05-21,107.26780451755833,116.44572444278126,93.99507608514556,94.8783367156953
2020-05-22,107.00239507841103,116.4554398868979,95.51481541002035,95.42567083033721
2020-05-25,106.88609758480607,118.13743471518376,95.86438719654909,95.06927785679838
2020-05-26,107.46665046648206,117.63411257981025,95.58198066845954,95.25333068362116
2020-05-27,107.39780708429554,116.99775662469514,95.08742343434663,94.6677547276001
2020-05-28,108.38316417969023,116.7987234226402,94.91317551639,96.09033367142511
2020-05-29,107.96468257253686,117.90170709717331,95.92317148712226,96.32286508603882
2020-06-01,106.84637240007623,117.87458932718128,96.11465484491347,96.78806673630311
2020-06-02,106.95039105225321,120.59020750170251,99.16910141269966,96.04866630858477
2020-06-03,110.02467701825309,122.1565372412188,99.18359092088457,96.30383333925904
2020-06-04,114.21433143058934,126.04708950005572,97.70308259512763,97.50154898672847
2020-06-05,113.83858033857874,125.4462089206284,96.56844035516826,94.59728422096782
2020-06-08,114.6188598800846,124.93831231322106,96.40839453186815,94.2497597293351
2020-06-09,114.026170868362,125.39577215232755,96.63821088820669,93.85331607947985
2020-06-10,113.2506330149556,124.70720620871043,96.9837741529081,93.77453935076262
2020-06-11,113.48637223489966,124.53402864887362,96.84499524583495,93.90758714951166
2020-06-12,111.95144364046776,125.39069991348788,96.17069740387608,93.29797617961843
2020-06-15,113.12583521447004,126.07391247589406,96.6097500858441,93.33740497598231
2020-06-16,111.83414371590423,125.75869658254697,97.06497875527515,92.61114331158664
2020-06-17,113.02802907211664,125.24933855119255,96.75813441716171,93.0014746072271
2020-06-18,113.06397243181998,125.90358073742938,96.42134824398548,92.41154027909106
2020-06-19,111.51482917665858,124.25928418276901,95.06262848970503,90.77232918758513
2020-06-22,111.81064678098522,123.81677815511914,93.77072088755722,92.02777629636674
2020-06-23,111.14252054699539,122.48897885461678,94.17317136797436,92.52135877833466
2020-06-24,110.21439205329094,120.88683393339348,93.02433419480433,92.5876519500073
2020-06-25,109.99028433518454,120.13574025756562,92.82132095404592,93.14749524707999
2020-06-26,108.87554974719791,119.40792416175086,91.57434614583877,93.94503531879654
2020-06-29,110.4174461977534,120.83297012692759,92.12195606593639,94.99343155878054
2020-06-30,108.71131475041528,120.43650178532181,90.85263104508901,93.53389033539369
2020-07-01,108.16805834027868,119.95247793617293,91.01058759143056,93.8437955840293
2020-07-02,108.41746494579778,119.27372637019415,91.36639199140741,93.78948831520417
2020-07-03,109.42379201318131,118.90998458438875,89.81358364956401,93.29140689659977
2020-07-06,111.25310462352367,120.02462365064855,90.31263439253051,94.46584123949468
2020-07-07,111.7125427737039,120.61606777330793,90.22088300830559,94.68169608742004
2020-07-08,111.91809605054455,120.17048940019176,89.50368580889186,94.58943850170094
2020-07-09,112.77622817825699,121.07072571655885,90.17265635084341,95.3624221606122
2020-07-10,115.03728101537638,122.16459228112294,91.51326882270021,97.50278821756147
2020-07-13,115.11997417771671,122.44969404888101,92.2560390661655,98.84858698576048
2020-07-14,115.42940745237813,122.90561854746251,92.48082339428903,98.24466641322046
2020-07-15,116.44573697397338,123.0884593830805,91.65739590079738,98.18831689214775
2020-07-16,114.97189752432028,121.69732661129385,91.11346093566614,96.99738924834375
2020-07-17,115.9470782696763,120.82361100381671,91.3246473221512,97.44751628455526
2020-07-20,117.27766975863912,122.13378327176456,92.01739531278251,98.11638089477704
2020-07-21,117.2705458662325,123.15301112761259,91.82081425567277,98.60111147679204
2020-07-22,117.23320350329229,123.38327520168322,91.71330880920469,100.04696439148222
2020-07-23,116.69850872268479,123.44182653003128,91.8099078481872,100.4116872214623
2020-07-24,117.14374222893755,124.01428731326574,92.65236105264563,99.78555284807626
2020-07-27,117.20019049376431,122.99218511917857,92.6342892946553,98.85613613883534
2020-07-28,116.40041892308336,122.68117887716224,93.31825233473513,99.21795672294463
2020-07-29,116.70995581114553,124.05844184015704,93.07220970929146,98.08438005458707
2020-07-30,116.38512134684822,123.7306945389699,93.75222917149671,99.55754495110571
2020-07-31,115.26935596679995,125.53450564799391,94.90302663022254,100.49112255020829
2020-08-03,115.63923169623575,127.89191885811628,95.51735345873709,100.77916184996809
2020-08-04,115.80979445989155,126.76188463149059,95.66625421665495,100.60567457980814
2020-08-05,116.14873023958272,127.25457487277474,95.16730745136364,101.5505798181315
2020-08-06,115.3100545282727,127.77224146290615,94.08170922223246,101.51866117339794
2020-08-07,114.64639833551689,127.59240048025715,93.51299092026389,99.79566751157233
2020-08-10,113.73333988431695,127.33755259990136,93.69388866617281,98.67737239451372
2020-08-11,111.96934168234716,125.90268872456345,92.93074340695725,97.5736180519721
2020-08-12,111.33443806938332,126.45137685375698,93.53837409662381,98.18587887320619
2020-08-13,110.59582127562521,126.26511153961229,93.24195638207253,97.04805876776557
2020-08-14,111.38439738620696,126.69831191978322,93.21136057998814,98.20115852653952
2020-08-17,112.0779901716674,127.7861533198817,94.36408206145475,99.24731215123157
2020-08-18,111.05917131579608,127.06801864330306,94.67489280356483,98.52669017871801
2020-08-19,111.13799824462029,127.49765315562271,95.73840538510103,99.72128494978921
2020-08-20,111.94307165022678,127.69076845904561,96.58172768132854,100.45718233999669
2020-08-21,111.8534237115185,128.92727123804093,97.15504752043677,100.275398296102
2020-08-24,114.72106599939107,129.44118413360647,98.96176101422941,98.5517466872949
2020-08-25,114.65006750513878,127.11090618368786,96.74776496528783,94.44137825796979
2020-08-26,119.68205188360702,128.6580930156706,98.5623923152159,97.79943736340977
2020-08-27,119.35649526477592,129.77255345487043,96.29206060794137,97.79106720065809
2020-08-28,119.03006356591436,130.14416736278028,96.43523338518224,96.93817269868586
2020-08-31,117.42067865137491,128.6326122546821,96.30956870379535,96.70070410470078
2020-09-01,117.82394650728718,126.99214421826666,94.34352772098703,95.72069888095258
2020-09-02,117.57164312626693,126.38796424677636,94.42184171780855,95.50693328835543
2020-09-03,116.56435683193169,125.2558288093643,94.10156725309473,95.15571605179923
2020-09-04,116.5398462812793,127.30380308760772,94.34024899999432,95.61041399324482
2020-09-07,115.70534471306351,126.69040884120741,94.40077018425497,95.76263511519228
2020-09-08,115.60625193346756,127.03494695665131,94.49727773852732,94.6327693000517
2020-09-09,112.81561868707655,128.057837304307,94.64666992870838,94.31977569751787
2020-09-10,111.37845638432864,126.3643246538912,94.8978710861902,92.14077306761581
2020-09-11,111.14100007497751,127.07519603840176,95.0910407469632,92.72374754607434
2020-09-14,111.06603949103085,129.2434237451728,94.83784049856625,92.15064278273492
2020-09-15,111.33210870075285,130.69476012012024,95.14999623272989,93.13357612604305
2020-09-16,110.92146320960062,129.46161206022893,95.75239795162604,93.9949975370079
2020-09-17,112.25007985031945,129.62618471811723,95.33855856174061,93.4436047935251
2020-09-18,112.09521183619778,130.1258779615367,95.74696985060741,92.69065284864092
2020-09-21,112.29635954714372,130.25077930393243,95.88904652602945,92.76805384967226
2020-09-22,112.16068501840337,130.7707736158994,96.05603828362783,93.00580606689073
2020-09-23,111.61197732865324,130.93989872842744,95.9013129995199,91.61106357037437
2020-09-24,112.05631717402113,130.90394888836326,96.6181204415516,91.7330921219299
2020-09-25,112.01079960608989,131.10873274245245,96.65403962485807,91.49901303135269
2020-09-28,110.5377874282848,132.24396970294552,95.51627259794068,90.99236115498519
2020-09-29,111.120161515008,132.87182422406528,96.15095052777318,91.78650450923546
2020-09-30,112.22208528089791,133.6400615270122,98.4948051299734,91.92577468269046
2020-10-01,112.45083405528966,133.42157715413657,98.1534592315262,92.05562228309763
2020-10-02,113.73336656674866,133.307750463007,97.95827963888694,92.67626084705348
2020-10-05,114.23828523536189,135.40635521516685,99.17860131721349,93.45192086362722
2020-10-06,113.9903872514642,135.53780809750992,99.04409696806285,92.56449837151834
2020-10-07,114.03367867962135,135.41576775363296,98.8884618498202,92.27034888335601
2020-10-08,115.53655992857269,136.73833612639018,100.12976740922016,92.5771484028261
2020-10-09,114.68327339168465,136.13919532366435,100.0058575771254,92.12693893569677
2020-10-12,114.55657147780857,137.04444384833215,100.36962792008548,91.70598590618464
2020-10-13,114.22279289979956,136.29671188544802,100.29090643893768,90.8317132852789
2020-10-14,114.10477692962544,136.94555829508428,100.4226321801523,90.38234248767722
2020-10-15,113.61038623092838,136.88629171593882,100.64568595371814,90.85329905366528
2020-10-16,113.52177801620181,135.60634972867226,101.37909008091903,90.99104982027126
2020-10-19,113.90693672751738,136.0893206470251,100.85906322407405,90.84148626708627
2020-10-20,114.16490321517205,137.22497730450084,101.19299900738328,89.22973514569648
2020-10-21,113.99298812443544,137.52391850439392,102.12574654587785,89.84832879286024
2020-10-22,116.19602179834723,139.8806818691888,104.05737334117815,91.45536384971639
2020-10-23,115.02457944486623,140.25297679082206,104.29852856955031,91.04825675759959
2020-10-26,115.57248707839565,140.93203359177951,104.24188910392263,91.15361721666737
2020-10-27,115.37931194414715,141.10871905884648,103.9442129193819,91.43599201636435
2020-10-28,113.75498989305055,140.15910907604353,102.21302479235965,90.44678669948341
2020-10-29,114.23663669400086,140.41698430384932,102.31203369578574,90.63052929669014
2020-10-30,115.6367519914278,139.94547395476468,103.18645459200184,90.04927681531882
2020-11-02,115.26545450331187,139.9789512344645,102.52369915799007,90.0091920727243
2020-11-03,116.91540466439523,137.49884038132544,102.25848658840223,89.27501652259369
2020-11-04,115.24959573064793,136.65704532541523,101.17867865385381,89.51448849583731
2020-11-05,113.17941445776702,140.17788033022808,100.36622337042762,92.63374222963947
2020-11-06,114.36226431875596,141.85587838754097,102.41888655638836,94.94836528536355
2020-11-09,117.5874924075313,147.96192931405335,103.61220628599577,94.40818199317901
2020-11-10,111.36899165119625,144.07242687531857,102.85270909465845,93.31796656567221
2020-11-11,111.57473975567444,143.1710154565616,101.51922463709056,92.4963356065016
2020-11-12,112.39950201671674,138.7934336810114,102.22447998216299,89.79295820093421
2020-11-13,111.9881752794724,136.92212946957167,101.061863252697,87.59473664127614
2020-11-16,109.35723928942194,135.14865910210182,98.1127378070006,90.25883027626301
2020-11-17,108.38140925415397,133.01145082587703,96.47669447526326,87.76612273710492
2020-11-18,103.08310185445022,130.01192344577447,95.17360936640551,83.90766512938131
2020-11-19,103.03089343272691,126.99670244680694,94.4882146229256,83.88040851001455
2020-11-20,103.97898654407697,128.3976556386413,93.73597385018459,85.39407256239916
2020-11-23,102.97853981132246,128.75298059255522,94.74267247462195,84.96992059106559
2020-11-24,100.28174667672269,128.988625924263,92.20362913989797,82.71323572139003
2020-11-25,98.01363192482285,129.95056380496172,91.52646350699828,79.0602254767704
2020-11-26,98.58426792859942,132.15729505788107,93.2142226192941,79.431325698767
2020-11-27,98.66630287307403,132.691457434904,93.9121199545575,79.65618742023294
2020-11-30,97.87713402156366,133.0461391032398,94.1849788187269,78.91419758100504
2020-12-01,97.62914442921425,133.19901493852313,94.15675447783161,79.16795213721845
2020-12-02,98.2410632066501,134.02075272886574,94.39287304845419,78.70105287696107
2020-12-03,98.7221271022593,135.60558367529524,96.09756072970218,79.24831013016856
2020-12-04,98.71778927167297,137.01602554921973,97.31413214731684,79.80726869031534
2020-12-07,99.27305142532985,136.56273909413233,97.76798925069485,79.48340915349326
2020-12-08,99.18555545326161,136.41664374957222,97.41147172977152,78.27979076262305
2020-12-09,98.58884951016559,136.46505790646023,97.23316756919745,77.95526662137577
2020-12-10,98.92970539676827,137.31255984629794,98.0486885503105,77.82485613617305
2020-12-11,98.96578029821833,137.01867339274852,97.42087001780317,76.92025754124894
2020-12-14,98.91147646315855,136.1603977235859,98.69520685897004,76.96789524280462
2020-12-15,98.76269451088436,135.7180054992912,99.84993084613335,76.59330592303756
2020-12-16,98.66144778468265,134.94379548027857,99.5943394029998,76.42906355103113
2020-12-17,99.50345830578362,134.00701355920646,99.623488940596,77.29010887072914
2020-12-18,99.13963416607784,133.67890924221953,98.86789889197073,75.7338734093829
2020-12-21,99.08010863197858,134.77984246215442,98.75020746071803,74.90311966207679
2020-12-22,99.29870273998944,134.97104505781624,99.52527041050658,75.53925989727325
2020-12-23,99.11488047607021,135.27770469341203,98.32227726716314,75.92125726029177
2020-12-24,99.2730709949275,136.4091686080941,99.29829628199758,76.08552913889619
2020-12-25,99.17973235906912,135.53383388313918,97.7213655549998,75.65379498280937
2020-12-28,99.31375518636992,134.5708924291071,98.05479198611819,75.66725852002497
2020-12-29,99.67372075061814,134.02059507724488,96.8701157080712,75.86519996947206
2020-12-30,100.15407764793254,134.15349004630778,96.74039889793829,75.79480317899477
2020-12-31,100.06936277360224,133.64290209069708,95.30731926667252,75.88765986890432
2021-01-01,98.96371096415443,132.82228405839106,94.68626507738075,75.64940053454987
2021-01-04,97.78278056176298,133.41292653438995,94.9296188765122,75.9634400901507
2021-01-05,98.74445723110729,133.13038683694634,93.10639034746654,75.95208384649389
2021-01-06,99.75187617977875,134.72595649675657,93.30610051883694,76.28937784632535
2021-01-07,99.99293040803141,133.14495453619787,92.66502610044205,75.71659391217757
2021-01-08,101.2243618064081,133.12321367961647,93.97071527998227,76.13792238910264
2021-01-11,99.97834133694352,134.67001654091095,93.34067264740493,76.34318159502058
2021-01-12,101.30786632095845,134.8102213645307,92.91522856683831,77.03963135067288
2021-01-13,101.39015855148794,133.70924350276744,92.06828269116828,76.586982518089
2021-01-14,102.16414606625715,133.8209791279387,92.69808496497761,77.69186556550497
2021-01-15,103.18197806667581,135.68807715325138,94.07460146035011,77.48119432248347
2021-01-18,104.17334089556466,136.48820693905571,94.38607541725116,77.22762818224875
2021-01-19,102.96220120298445,134.8932436329816,93.81464441849187,76.16761734452123
2021-01-20,102.36116914509638,134.0581867604029,93.96332395009111,75.86265227276597
2021-01-21,102.28080658218116,135.31381599098006,93.9792271224201,76.31342320223514
2021-01-22,101.49881033975747,135.2936357440544,93.87982580915578,76.27269370385388
2021-01-25,101.17372326712777,134.18684692787483,93.42495920927098,75.78897487226791
2021-01-26,101.99952080719699,135.4649920554901,93.09824659656826,76.33845010648793
2021-01-27,101.66256531150549,135.77663488939154,92.78200236690688,75.53072837302553
2021-01-28,102.47909908220623,136.62229851742822,92.36117968342286,74.7382517371443
2021-01-29,102.09849392284708,135.33529743968134,91.83121486141333,74.76614582568226
2021-02-01,103.27142047138939,135.56254327499983,93.02993309523092,75.76574022971208
2021-02-02,102.96552551313718,133.8603028800717,93.21109155715733,75.87148697186346
2021-02-03,104.84816126133092,136.11272052171446,94.57635538435434,77.52783938425259
2021-02-04,104.05599545346857,135.9694578283531,94.20541025557036,78.24625023507033
2021-02-05,104.53835322752525,133.3032437377135,94.737268543731,77.63287845204519
2021-02-08,105.19379073121601,133.17839702078288,95.04747002926067,78.11654198020655
2021-02-09,105.39070007031528,132.4069315658174,95.88643751245999,78.41915405182588
2021-02-10,105.42191170179578,133.12560756526617,95.7019713609421,79.49506781995505
2021-02-11,105.64768369818331,133.61390396246534,96.09965524770708,79.19172032814537
2021-02-12,104.76115993721216,133.46995156329217,96.1211575479764,79.77537367319975
2021-02-15,105.16745302907972,132.66915575564522,96.44143009315357,80.25789872178773
2021-02-16,106.0170344839096,133.40380263207635,96.00342844190054,81.05473810021098
2021-02-17,105.48092735086294,133.75531465982348,94.94316376226749,81.2640854173027
2021-02-18,104.90534387418558,134.57258025061614,96.13820321928193,82.14468342517476
2021-02-19,104.03081879098504,133.32959175165965,95.15741255834944,82.05684201830982
2021-02-22,104.34995960930395,133.66652431202994,95.52304539583666,82.55522809419915
2021-02-23,104.9116811747505,135.57371987235254,95.99652907741186,83.10426147696329
