,Total Return,CAGR,Annual Volatility,Sharpe,Sortino,Max Drawdown,Calmar,Omega,VaR 95%,ES 95%,Ulcer Index,CDaR 95%,Max Drawdown Duration,Kelly Fraction,Gaussian VaR 95%,Cornish-Fisher VaR 95%,Tail Ratio,Hit Rate,Profit Factor,Skew,Excess Kurtosis,PSR,Average Turnover,Annual Turnover
delay=0|cost=0bps|rebalance=bar,-0.13916052670297163,-0.02486010412562545,0.14930473853032483,-0.0939016274220144,-0.12998336250940523,-0.2976984985482761,-0.08350765706530436,0.9807807485742129,0.01348853718962831,0.02444018946296286,0.16114341758920758,0.2786161512944434,871.0,-0.628925969438956,0.01552600037130004,0.01441907913982678,0.9190770250035759,0.5020275750202757,0.9807807485742129,-0.12906320737794386,7.63427261326364,0.00014780373853507346,0.03977777777777778,10.024000000000001
delay=0|cost=0bps|rebalance=ME,-0.14394986402758658,-0.02577366369147094,0.14584869920503876,-0.10614428988892302,-0.14834424167240767,-0.34160630046196205,-0.0754484435931557,0.9777971683868003,0.013397954562325566,0.02372146920160265,0.17170925550602661,0.32430155260771965,768.0,-0.7277698770539051,0.015173697077836132,0.013450316552654785,0.8866583317252767,0.5046728971962616,0.9777971683868003,0.07654242384539328,8.211238276458873,2.7205801358814875e-05,0.022333333333333334,5.628
delay=0|cost=5bps|rebalance=bar,-0.16448107968339287,-0.02973881806116563,0.1493215225312274,-0.12745622738902693,-0.17612238555095924,-0.3054723788650632,-0.0973535419852222,0.9740125697370119,0.01348853718962831,0.0244846339074073,0.1682782863631617,0.2901085667668971,1198.0,-0.8535690316335489,0.015547628351881832,0.014454551645951929,0.9157901308101247,0.4963680387409201,0.9740125697370119,-0.1343047262377863,7.633229949155634,5.269491539272568e-07,0.03977777777777778,10.024000000000001
delay=0|cost=5bps|rebalance=ME,-0.15813418239925603,-0.028504477808427353,0.14579570823119492,-0.12548384880665187,-0.17516886415035116,-0.34356232376136375,-0.08296741475129382,0.9738097146211504,0.013397954562325566,0.02373146920160265,0.17433857892123567,0.32676071327866874,769.0,-0.8606827342795741,0.015179373029687802,0.013471784376213266,0.8866583317252767,0.5025380710659898,0.9738097146211504,0.07191132691405824,8.195285664469809,1.052025135535965e-06,0.022333333333333334,5.628
delay=0|cost=10bps|rebalance=bar,-0.1890673604571136,-0.034595223606239345,0.1493521765175213,-0.16098833301565652,-0.2220649603719702,-0.31927308959224066,-0.10835621520881263,0.9673026327888179,0.01348853718962831,0.02452907835185175,0.1763774248020769,0.30381817596031185,1198.0,-1.077910859884724,0.015570693485411525,0.0144917394676125,0.9157901308101247,0.4963680387409201,0.9673026327888179,-0.13955832160899379,7.630326686646363,4.915305228788696e-10,0.03977777777777778,10.024000000000001
delay=0|cost=10bps|rebalance=ME,-0.17209058897226648,-0.031229036017768053,0.1457524387367946,-0.144827810713078,-0.20193826622928782,-0.34568082961899727,-0.09034066497754038,0.9698375027405844,0.013419412776980034,0.02374146920160265,0.17698614140888752,0.32924635405726443,769.0,-0.9936561745948803,0.015186056282733099,0.01349405512034638,0.8852405271518925,0.5016920473773265,0.9698375027405844,0.06736792574843929,8.178481389873276,2.6902568767618706e-08,0.022333333333333334,5.628
delay=0|cost=25bps|rebalance=bar,-0.2586275188228506,-0.04903151317077037,0.1495272537874038,-0.26135675564121097,-0.35856639312271776,-0.36591518839488035,-0.13399693351306755,0.947530671524615,0.013592801789036053,0.024673436141675182,0.20123133177832395,0.34521927831486315,1198.0,-1.747887084268966,0.015648500965310758,0.014614123456814707,0.908765494343528,0.4915254237288136,0.947530671524615,-0.1555948593792965,7.610648171141065,6.689445044878874e-22,0.03977777777777778,10.024000000000001
delay=0|cost=25bps|rebalance=ME,-0.21262755358856444,-0.03936528758870694,0.1456810360222158,-0.20284731228734235,-0.2818595323252242,-0.3524776216348543,-0.11168166479938128,0.9580360983018479,0.013746139770107413,0.023823869281773602,0.1851735998634316,0.3367211068766622,856.0,-1.3924071233019577,0.015212157816271167,0.013566276864570648,0.8641995672556603,0.49915397631133673,0.9580360983018479,0.05405780052570455,8.122912164592993,5.139287236806077e-14,0.022333333333333334,5.628
delay=1|cost=0bps|rebalance=bar,-0.19083424995799814,-0.03494892544919914,0.1496049500091336,-0.16293138869622786,-0.22529184397057453,-0.33661403983271254,-0.10382491908705813,0.966828197115296,0.01296559118012607,0.024365026077394405,0.1685214733253185,0.3164479430289383,868.0,-1.089077525083767,0.015598199890575242,0.014356853879527566,0.9354810614491179,0.49959448499594483,0.966828197115296,-0.09717963774633306,7.886985248740682,3.711217557539408e-10,0.03977777777777777,10.024
delay=1|cost=0bps|rebalance=ME,-0.22211661161223928,-0.04132006989531112,0.14398448120496835,-0.22104807485652253,-0.3046235184471581,-0.3969388116334205,-0.10409682471028024,0.9544142723885094,0.013397954562325566,0.023811944043707012,0.18904684793306575,0.36798241441806195,769.0,-1.5352215253104302,0.01504540119977554,0.01364006468320646,0.8722644084367775,0.5012744265080714,0.9544142723885094,-0.03683803669478366,8.195260563727244,2.7508951790306605e-16,0.022333333333333334,5.628
delay=1|cost=5bps|rebalance=bar,-0.21470476603854693,-0.03979151894431199,0.14972184946142025,-0.19627958355129924,-0.2709853514043243,-0.342903889671354,-0.11604277508327182,0.9601888574462614,0.01296559118012607,0.024403914966283295,0.1741034377162966,0.32328199055777834,1198.0,-1.3109615213634922,0.015630201437676954,0.014394334826650255,0.9354810614491179,0.4963680387409201,0.9601888574462614,-0.09865078174339573,7.87355495814198,1.177184579773505e-13,0.03977777777777777,10.024
delay=1|cost=5bps|rebalance=ME,-0.2350726279403308,-0.044021348463301524,0.14403311008087907,-0.24051061842739585,-0.33114754035349686,-0.39906150732071544,-0.11031218911304994,0.9505175069519417,0.013436270518631036,0.023831749170208902,0.19163558043224377,0.37018567522621576,775.0,-1.669828682393525,0.01506160659794743,0.013659168244994207,0.8697769886639964,0.4983079526226734,0.9505175069519417,-0.0379975258311478,8.193091806972284,1.2964765507139828e-18,0.022333333333333334,5.628
delay=1|cost=10bps|rebalance=bar,-0.2378810263073481,-0.04461190336379239,0.14985248326638706,-0.2295547028050746,-0.31642813303380624,-0.3584542867268121,-0.12445632543876467,0.9536132311370251,0.01296559118012607,0.024442803855172186,0.18239397152654266,0.338014984372169,1198.0,-1.5318711962684257,0.015663626084002274,0.0144341043720908,0.9354810614491179,0.49556093623890235,0.9536132311370251,-0.1003101552872599,7.857654470665549,1.483808435690054e-17,0.03977777777777777,10.024
delay=1|cost=10bps|rebalance=ME,-0.24781939759232408,-0.04671640849748904,0.1440915755744619,-0.2599422778899216,-0.35757436665579784,-0.40117779568006784,-0.11644814095031457,0.946648819773291,0.013436270518631036,0.023855082503542235,0.19424680827623642,0.372382298384392,820.0,-1.8040074643752626,0.015078831227480136,0.013679894659461494,0.8697769886639964,0.49746192893401014,0.946648819773291,-0.039300545421657875,8.189127342433462,4.9699533474371195e-21,0.022333333333333334,5.628
delay=1|cost=25bps|rebalance=bar,-0.3034405100598223,-0.05894072406486783,0.15032641392056664,-0.3288533330339392,-0.45109415839926015,-0.4033878833174426,-0.1461142649604201,0.9342873045175047,0.013075954745982055,0.024568531540429532,0.20765150040666736,0.3816514135925425,1198.0,-2.187595143510223,0.015772399567838456,0.014567580852705389,0.927585421877255,0.4923325262308313,0.9342873045175047,-0.10663071637795989,7.795854166537236,8.1925183246939e-31,0.03977777777777777,10.024
delay=1|cost=25bps|rebalance=ME,-0.28483672183427644,-0.05476438962520891,0.1443258621624434,-0.3180129444015676,-0.4361908611480917,-0.4074883778762517,-0.1343949732029905,0.9351825137245543,0.013499482357126441,0.023938011911704644,0.20244746513078904,0.37909751216883075,869.0,-2.2034369976160875,0.01513660707572885,0.013752296349589082,0.8657042249031383,0.49746192893401014,0.9351825137245543,-0.04429869571876681,8.167028017317753,1.1752705914489501e-28,0.022333333333333334,5.628
delay=2|cost=0bps|rebalance=bar,-0.09160246926871085,-0.0160107388143661,0.15219385722086826,-0.029928006114712892,-0.041689091097490735,-0.35658234958927193,-0.04490053653190633,0.9937565037948604,0.013075954745982055,0.024778126836788462,0.14713469698928242,0.3199886389790571,763.0,-0.19664398196623983,0.015787799488733517,0.014365132755130813,0.9422602678796969,0.5020275750202757,0.9937565037948604,-0.07049125192885587,8.34136108384249,0.12330944363447777,0.03977777777777777,10.024
delay=2|cost=0bps|rebalance=ME,-0.17099818922388255,-0.031014405778161058,0.14312422528823995,-0.1485581084675989,-0.20589285680379177,-0.36800150743921334,-0.0842779313432134,0.9692195237922329,0.013397954562325566,0.023427321060422838,0.17482020642947135,0.3420219417482627,768.0,-1.0379662015177067,0.014914339380406762,0.013425900139868625,0.8722644084367775,0.5038232795242141,0.9692195237922329,-0.008737263423044152,8.303520009778424,1.0821975340610794e-08,0.022333333333333334,5.628
delay=2|cost=5bps|rebalance=bar,-0.11831504915408964,-0.020932451653965622,0.1522050962383736,-0.06285504839171031,-0.08743916289245726,-0.36043577249442516,-0.058075399977923624,0.9869352783182642,0.013180718556376852,0.024799043916140642,0.15118441494449025,0.32429523253008213,763.0,-0.4129628372841792,0.015808852920099103,0.014388278424118528,0.9281039456587704,0.4995964487489911,0.9869352783182642,-0.07095929307202879,8.336536163090889,0.007620764776604926,0.03977777777777777,10.024
delay=2|cost=5bps|rebalance=ME,-0.18479256272261801,-0.03374212515412356,0.1431532691158651,-0.1681852208713769,-0.2328361762962265,-0.3698807897949383,-0.09122432439065076,0.9652254560456937,0.013397954562325566,0.023443987727089506,0.17745333338806626,0.3443734161325945,769.0,-1.1748611953475647,0.014928515453450739,0.013455670636788396,0.8722644084367775,0.5016920473773265,0.9652254560456937,-0.014518802561881467,8.297481215498799,1.5478894146077315e-10,0.022333333333333334,5.628
delay=2|cost=10bps|rebalance=bar,-0.14425317701292284,-0.025831663288041762,0.1522299440390783,-0.09576866615536174,-0.13304771344046415,-0.36426792453572354,-0.07091391129473017,0.9801669481706334,0.013184653892835692,0.02482126613836286,0.15532300331952095,0.3286438469325187,765.0,-0.6291053101272727,0.015831316439676064,0.014413253163367777,0.91993806573037,0.4971751412429379,0.9801669481706334,-0.07142496025252315,8.328859079055496,0.0001179820259302518,0.03977777777777777,10.024
delay=2|cost=10bps|rebalance=ME,-0.19836436979459093,-0.03646357304097558,0.1431922219710737,-0.1877913745213307,-0.2596886154628501,-0.3717851620222101,-0.09807699920740054,0.9612525526609436,0.013397954562325566,0.02346065439375617,0.18010467105462646,0.34673248190642086,769.0,-1.3114635134250971,0.014943718260683731,0.013486792784530442,0.871318853856856,0.5008460236886633,0.9612525526609436,-0.0204285951665758,8.290878378761278,1.540045142506003e-12,0.022333333333333334,5.628
delay=2|cost=25bps|rebalance=bar,-0.21763907292620022,-0.04039522214831337,0.15238605533977442,-0.19434100202604368,-0.26889097250342936,-0.37563782761217157,-0.10753768438363864,0.960190177695374,0.013184653892835692,0.024887932805029527,0.16816277674602625,0.34188346210277204,769.0,-1.2753201176624889,0.0159071587409715,0.01449974170892406,0.91993806573037,0.4947538337368846,0.960190177695374,-0.07303793894281368,8.288899358341132,2.4085163951450363e-13,0.03977777777777777,10.024
delay=2|cost=25bps|rebalance=ME,-0.2377789210154535,-0.044590400793234286,0.1433684436614141,-0.2464438008977333,-0.3396261210502699,-0.3783157709645638,-0.11786556156394282,0.9494905539748145,0.013436270518631036,0.02352282241433592,0.18828611928875055,0.3538617736460188,868.0,-1.7189542873168588,0.014995477654231147,0.013588707430798258,0.8688341305040315,0.49746192893401014,0.9494905539748145,-0.03913378069790901,8.268291299047458,2.5055970596016118e-19,0.022333333333333334,5.628
